{
    "train": {
        "loss": [
            18.384720164151023,
            0.6737382604132972,
            0.6601746573888163,
            0.6556840329022934,
            0.6544304396846038,
            0.653912445641664,
            0.6536803114213505,
            0.6539495389483326,
            0.6540901399995768,
            0.6535148942532186,
            0.6540383356138738,
            0.6530256345798968,
            0.653924037374079,
            0.6610102591077766,
            0.6544178269450898,
            0.6538973978671094,
            0.654220459308862,
            0.6541899179062635,
            0.6541185479857602,
            0.6542198615476843,
            0.6541005488844144,
            0.653631431234937,
            0.6536878512943358,
            0.6539656544860092,
            0.6535065533484892,
            0.6534865061168122,
            0.653470997791083,
            0.6534956516012753,
            0.6531028121247557,
            0.6536170254963614,
            0.6565909514088348,
            0.6536683997851254,
            0.6535280127827502,
            0.6539021740063391,
            0.6536760968522243,
            0.6536320244208675,
            0.6537831572169542,
            0.6541882098297944,
            0.6540408397043287,
            0.6534700662581181,
            0.6536806281011521,
            0.6538022109246232,
            0.6538522809834754,
            0.653904342523355,
            0.6546920658137744,
            0.6534334713768204,
            0.6537841287418463,
            0.6537985311931978,
            0.6538592966943367,
            0.6538066834460262
        ],
        "acc": [
            0.5508418401166645,
            0.6387379026912369,
            0.6396659154182686,
            0.6397984886649875,
            0.6399310619117062,
            0.6395333421715498,
            0.6396659154182686,
            0.6399310619117062,
            0.639400768924831,
            0.6395333421715498,
            0.639400768924831,
            0.6396659154182686,
            0.6396659154182686,
            0.6396659154182686,
            0.639400768924831,
            0.6399310619117062,
            0.6397984886649875,
            0.6396659154182686,
            0.6397984886649875,
            0.6397984886649875,
            0.6396659154182686,
            0.6395333421715498,
            0.6396659154182686,
            0.6399310619117062,
            0.6397984886649875,
            0.6397984886649875,
            0.6399310619117062,
            0.6396659154182686,
            0.6399310619117062,
            0.6397984886649875,
            0.6399310619117062,
            0.6397984886649875,
            0.6399310619117062,
            0.6396659154182686,
            0.6397984886649875,
            0.6399310619117062,
            0.6397984886649875,
            0.6397984886649875,
            0.6397984886649875,
            0.6399310619117062,
            0.6397984886649875,
            0.6396659154182686,
            0.6395333421715498,
            0.6396659154182686,
            0.6396659154182686,
            0.6395333421715498,
            0.6396659154182686,
            0.6396659154182686,
            0.6396659154182686,
            0.6396659154182686
        ],
        "f1": [
            0.6648199445983379,
            0.7794772193898195,
            0.7801326646173758,
            0.7801957770406925,
            0.7802944507361268,
            0.7800695624039473,
            0.7801682303461663,
            0.7803299902944031,
            0.7799708784986248,
            0.7801406970162529,
            0.7800420507844089,
            0.7802037845705968,
            0.7802037845705968,
            0.7802037845705968,
            0.7800064703979295,
            0.7803299902944031,
            0.7802668823291549,
            0.7801682303461663,
            0.7802668823291549,
            0.7802668823291549,
            0.7802037845705968,
            0.7801406970162529,
            0.7802037845705968,
            0.7803299902944031,
            0.7802668823291549,
            0.7802668823291549,
            0.7803299902944031,
            0.7802037845705968,
            0.7803299902944031,
            0.7802668823291549,
            0.7803299902944031,
            0.7802668823291549,
            0.7803299902944031,
            0.7802037845705968,
            0.7802668823291549,
            0.7803299902944031,
            0.7802668823291549,
            0.7802668823291549,
            0.7802668823291549,
            0.7803299902944031,
            0.7801246257182164,
            0.7802037845705968,
            0.7801406970162529,
            0.7802037845705968,
            0.7802037845705968,
            0.7801406970162529,
            0.7802037845705968,
            0.7802037845705968,
            0.7802037845705968,
            0.7802037845705968
        ]
    },
    "val": {
        "loss": [
            0.6787557511542028,
            0.6619072953438582,
            0.6549309529403614,
            0.6519626562946801,
            0.6511598049266973,
            0.6509203659261904,
            0.6507313207250132,
            0.6502666764143037,
            0.650637018592082,
            0.650316207874112,
            0.6505859518228129,
            0.6504803997714345,
            0.650518438532901,
            0.6505294819525418,
            0.6504474531934218,
            0.6504617744892804,
            0.6505023539382352,
            0.6504931464427854,
            0.6499841365556323,
            0.6505846352112002,
            0.6505650997414695,
            0.6505126247097553,
            0.6505514052108894,
            0.6505776103329178,
            0.650515277337674,
            0.6505071381116849,
            0.6504938586645642,
            0.6504910693820941,
            0.6502828930493756,
            0.6502115743536965,
            0.6507582617716218,
            0.6507107064933817,
            0.650687670025062,
            0.6506766542270859,
            0.6506443490784848,
            0.6506722854531329,
            0.6506743974043481,
            0.6507506190403143,
            0.6507120253172558,
            0.650717280323154,
            0.652479501000644,
            0.6506623547378046,
            0.6507277871745768,
            0.6507539524758987,
            0.6507802476685727,
            0.65066575637425,
            0.6506609853479541,
            0.6506754382417664,
            0.6507522171780009,
            0.6506851828110939
        ],