{
    "accuracy": 0.6271666077113548,
    "precision": 0.6441578148710166,
    "recall": 0.9360529217199559,
    "f1_score": 0.7631460674157303,
    "true_positives": 1698,
    "false_positives": 938,
    "true_negatives": 75,
    "false_negatives": 116,
    "threshold": 0.2841948693351719
}