{
    "train": {
        "loss": [
            99.79558419132681,
            0.6538261693999731,
            0.6588272496921606,
            0.736854390426038,
            0.6660005072375974,
            0.6671952501336443,
            0.6565457450036548,
            0.6544010434292299,
            0.6814240293067882,
            0.6537249762405376,
            0.6536367366567746,
            0.6549500725510486,
            0.6537321527725218,
            0.6539021285383388,
            0.6538083608232979,
            0.6538849758182077,
            0.6538451495480984,
            0.6536955081482521,
            0.6538823565721796,
            0.6538088122871942
        ],
        "acc": [
            0.6310486543815458,
            0.6396659154182686,
            0.639400768924831,
            0.6392681956781121,
            0.6395333421715498,
            0.6392681956781121,
            0.6395333421715498,
            0.6396659154182686,
            0.639400768924831,
            0.6396659154182686,
            0.6397984886649875,
            0.639400768924831,
            0.6395333421715498,
            0.6395333421715498,
            0.6395333421715498,
            0.6395333421715498,
            0.6395333421715498,
            0.6396659154182686,
            0.6395333421715498,
            0.6395333421715498
        ],
        "f1": [
            0.7703605908078224,
            0.7802037845705968,
            0.7800064703979295,
            0.779943388596846,
            0.7801406970162529,
            0.779943388596846,
            0.7800695624039473,
            0.7802037845705968,
            0.7800420507844089,
            0.7802037845705968,
            0.7802668823291549,
            0.7800420507844089,
            0.7801406970162529,
            0.7801406970162529,
            0.7801406970162529,
            0.7801406970162529,
            0.7801406970162529,
            0.7802037845705968,
            0.7801406970162529,
            0.7801406970162529
        ]
    },
    "val": {
        "loss": [
            0.6520908595648449,
            0.6507830492132921,
            0.6506359943782285,
            0.6506378760014208,
            0.6506599156879291,
            0.650648770946713,
            0.6506546613141057,
            0.6512739342950434,
            0.6508301850467573,
            0.6511684281954963,
            0.6507125120147794,
            0.6508222090856647,
            0.6506973692114254,
            0.6506537355774913,
            0.6507901532273277,
            0.6507390174987081,
            0.6511917356974499,
            0.6506362537184803,
            0.6508685413625561,
            0.6506478790893029
        ],
        "acc": [
            0.6447507953340403,
            0.6447507953340403,
            0.6447507953340403,
            0.6447507953340403,
            0.6447507953340403,
            0.6447507953340403,
            0.6447507953340403,
            0.6447507953340403,
            0.6447507953340403,
            0.6447507953340403,
            0.6447507953340403,
            0.6447507953340403,
            0.6447507953340403,
            0.6447507953340403,
            0.6447507953340403,
            0.6447507953340403,
            0.6447507953340403,
            0.6447507953340403,
            0.6447507953340403,
            0.6447507953340403
        ],
        "f1": [
            0.7840103159252095,
            0.7840103159252095,
            0.7840103159252095,
            0.7840103159252095,
            0.7840103159252095,
            0.7840103159252095,
            0.7840103159252095,
            0.7840103159252095,
            0.7840103159252095,
            0.7840103159252095,
            0.7840103159252095,
            0.7840103159252095,
            0.7840103159252095,
            0.7840103159252095,
            0.7840103159252095,
            0.7840103159252095,
            0.7840103159252095,
            0.7840103159252095,
            0.7840103159252095,
            0.7840103159252095
        ]
    }
}