{
    "train": {
        "loss": [
            29.446768047938246,
            0.6708920732758871,
            0.6719760381620726,
            0.6612035956193736,
            0.6570776588212238,
            0.6553512543230463,
            0.6538332045101983,
            0.6598201940187042,
            0.6541810272606965,
            0.6551944191727985,
            0.6801102164647284,
            0.6914191588188504,
            0.7573591572416882,
            0.6775995334184377,
            0.6537372624859892,
            0.653815157989063,
            0.6539195038888904,
            0.7429996218192044,
            0.6537777630716708,
            0.6538049799843143
        ],
        "acc": [
            0.6208405143841973,
            0.6390030491846745,
            0.6390030491846745,
            0.6388704759379558,
            0.6390030491846745,
            0.639400768924831,
            0.639400768924831,
            0.6387379026912369,
            0.6395333421715498,
            0.6392681956781121,
            0.6391356224313933,
            0.6386053294445181,
            0.6392681956781121,
            0.6391356224313933,
            0.6395333421715498,
            0.6395333421715498,
            0.6395333421715498,
            0.6396659154182686,
            0.6395333421715498,
            0.6395333421715498
        ],
        "f1": [
            0.7571743929359823,
            0.7797460163390763,
            0.7796033994334277,
            0.7793617365948485,
            0.7795677163442079,
            0.7800420507844089,
            0.7800420507844089,
            0.7793343590574136,
            0.7801051354630004,
            0.779943388596846,
            0.7798090923798738,
            0.779378439624474,
            0.7798721786263247,
            0.7798447104496926,
            0.7801406970162529,
            0.7801406970162529,
            0.7801406970162529,
            0.7801326646173758,
            0.7801406970162529,
            0.7801406970162529
        ]
    },
    "val": {
        "loss": [
            0.651571770235185,
            0.6507183872755866,
            0.6508441484619173,
            0.6506598617087492,
            0.6506970667636787,
            0.6506500296602825,
            0.6506362544137625,
            0.6507255513367193,
            0.6506618980006221,
            0.6507323440539622,
            0.6506377520515709,
            0.6506387017438167,
            0.6506867413809039,
            0.6506587577902753,
            0.6507240700696457,
            0.6506861429957798,
            0.65065431360981,
            0.6506369737147779,
            0.6507655366986579,
            0.6507549225841575
        ],
        "acc": [
            0.6447507953340403,
            0.6447507953340403,
            0.6447507953340403,
            0.6447507953340403,
            0.6447507953340403,
            0.6447507953340403,
            0.6447507953340403,
            0.6447507953340403,
            0.6447507953340403,
            0.6447507953340403,
            0.6447507953340403,
            0.6447507953340403,
            0.6447507953340403,
            0.6447507953340403,
            0.6447507953340403,
            0.6447507953340403,
            0.6447507953340403,
            0.6447507953340403,
            0.6447507953340403,
            0.6447507953340403
        ],
        "f1": [
            0.7840103159252095,
            0.7840103159252095,
            0.7840103159252095,
            0.7840103159252095,
            0.7840103159252095,
            0.7840103159252095,
            0.7840103159252095,
            0.7840103159252095,
            0.7840103159252095,
            0.7840103159252095,
            0.7840103159252095,
            0.7840103159252095,
            0.7840103159252095,
            0.7840103159252095,
            0.7840103159252095,
            0.7840103159252095,
            0.7840103159252095,
            0.7840103159252095,
            0.7840103159252095,
            0.7840103159252095
        ]
    }
}