{
    "train": {
        "loss": [
            3.242569012642223,
            0.6805564001307285,
            0.6665413444939555,
            0.6578867152169293,
            0.6588739743050033,
            0.6591033852497051,
            0.6542123565145344,
            0.6542154970226594,
            0.6545885833713431,
            0.6573643662893818,
            0.6540254077512485,
            0.6538058335563319,
            0.6536596593009087,
            0.6537363126915455,
            0.6537543540921971,
            0.6539979747194171,
            0.6538172627766,
            0.6552992183934879,
            0.6538400865827523,
            0.6559821620759353
        ],
        "acc": [
            0.5538910247911971,
            0.6160678775023201,
            0.6380750364576429,
            0.639400768924831,
            0.6366167307437359,
            0.6391356224313933,
            0.6396659154182686,
            0.639400768924831,
            0.6382076097043616,
            0.6366167307437359,
            0.6397984886649875,
            0.6395333421715498,
            0.6396659154182686,
            0.6396659154182686,
            0.6395333421715498,
            0.6397984886649875,
            0.6396659154182686,
            0.6379424632109241,
            0.6395333421715498,
            0.6396659154182686
        ],
        "f1": [
            0.665938647870545,
            0.7546178613794272,
            0.777723497801661,
            0.7799352750809061,
            0.776664222276542,
            0.779559442824749,
            0.7802037845705968,
            0.7800420507844089,
            0.7791177660866047,
            0.7774259033698742,
            0.7802668823291549,
            0.7801406970162529,
            0.7802037845705968,
            0.7802037845705968,
            0.7801406970162529,
            0.7802668823291549,
            0.7802037845705968,
            0.7787051292439835,
            0.7801051354630004,
            0.7800258983489803
        ]
    },
    "val": {
        "loss": [
            0.6581437623766295,
            0.6690880012158246,
            0.655946606543006,
            0.6514714425972891,
            0.6531787253639731,
            0.6509217514971534,
            0.6508562983283309,
            0.6506704979458644,
            0.6507632629995255,
            0.6509865270818911,
            0.6508368272038052,
            0.6508128828865852,
            0.6507903250252328,
            0.6508806010319091,
            0.6508189617386552,
            0.6507669008422884,
            0.6507821091285819,
            0.6507365795233596,
            0.6515872139060991,
            0.6509294858160858
        ],
        "acc": [
            0.6447507953340403,
            0.6447507953340403,
            0.6458112407211029,
            0.6458112407211029,
            0.6452810180275715,
            0.6447507953340403,
            0.6447507953340403,
            0.6447507953340403,
            0.6447507953340403,
            0.6447507953340403,
            0.6447507953340403,
            0.6447507953340403,
            0.6447507953340403,
            0.6447507953340403,
            0.6447507953340403,
            0.6447507953340403,
            0.6447507953340403,
            0.6447507953340403,
            0.6447507953340403,
            0.6447507953340403
        ],
        "f1": [
            0.7840103159252095,
            0.7840103159252095,
            0.7845161290322581,
            0.7845161290322581,
            0.7841239109390126,
            0.7840103159252095,
            0.7840103159252095,
            0.7840103159252095,
            0.7840103159252095,
            0.7840103159252095,
            0.7840103159252095,
            0.7840103159252095,
            0.7840103159252095,
            0.7840103159252095,
            0.7840103159252095,
            0.7840103159252095,
            0.7840103159252095,
            0.7840103159252095,
            0.7840103159252095,
            0.7840103159252095
        ]
    }
}