{
    "train": {
        "loss": [
            0.741786681427386,
            0.7390600357581949,
            0.7348384186309204,
            0.7334495072584575,
            0.7293183550175354,
            0.7286471205093125,
            0.733885537826198,
            0.7279052053747067,
            0.7281473919866734,
            0.7243655337717694,
            0.7222762331230992,
            0.7237295942858828,
            0.7195705502520481,
            0.7194180641122266,
            0.7174524478004368,
            0.7200921977773589,
            0.7139138777086849,
            0.7108631227651172,
            0.7123162394006589,
            0.7128790788320862,
            0.7106561289547861,
            0.7116377071729929,
            0.7041767355237606,
            0.7095129169284249,
            0.709785348578176,
            0.7061042280324378,
            0.7053589914479785,
            0.7044528463596716,
            0.7024528052027548,
            0.6994344732702104,
            0.6998389375217038,
            0.7009428795212468,
            0.6979273740922848,
            0.6985735312384356,
            0.6964568849619118,
            0.6980301790196943,
            0.6913441552257017,
            0.6901974504177609,
            0.6959892709808975,
            0.6899771654945637,
            0.6884828708329441,
            0.6898442127257857,
            0.6896516743249934,
            0.6883777461317975,
            0.6892121275531081,
            0.6868767814971665,
            0.6845733721810012,
            0.6837927074125856,
            0.6848313995677099,
            0.6842554298005298
        ],
        "acc": [
            0.44526986052152817,
            0.4364766525166768,
            0.44996967859308673,
            0.4536082474226804,
            0.4540630685263796,
            0.4636143117040631,
            0.44375379017586414,
            0.45497271073377804,
            0.45118253486961796,
            0.46103699211643423,
            0.46710127349909036,
            0.46073377804730137,
            0.46634323832625835,
            0.4743784111582777,
            0.4743784111582777,
            0.4737719830200121,
            0.4839296543359612,
            0.4837780473013948,
            0.48590054578532443,
            0.49105518496058215,
            0.4886294724075197,
            0.48681018799272285,
            0.5012128562765312,
            0.4949969678593087,
            0.49196482716798057,
            0.5068223165554882,
            0.5072771376591874,
            0.5150090964220739,
            0.5063674954517889,
            0.5116737416616131,
            0.5084899939357186,
            0.5203153426318982,
            0.5222862340812614,
            0.5107640994542146,
            0.5231958762886598,
            0.5197089144936325,
            0.523650697392359,
            0.529260157671316,
            0.5260764099454215,
            0.5298665858095816,
            0.5445724681625227,
            0.5391146149181322,
            0.5433596118859915,
            0.5306246209824136,
            0.5395694360218314,
            0.5460885385081867,
            0.5473013947847181,
            0.5603395997574288,
            0.5562462098241359,
            0.5509399636143117
        ],
        "f1": [
            0.3972986328446714,
            0.3933409498939122,
            0.4098893949251789,
            0.41264667535853977,
            0.4158961881589619,
            0.4267660401814647,
            0.4092738689421993,
            0.42100177162183927,
            0.4159406260083898,
            0.43490701001430615,
            0.4417976814356043,
            0.44116260801256874,
            0.44461975386557273,
            0.45836588033119824,
            0.4603891050583658,
            0.46377259385138264,
            0.4795107033639144,
            0.4805491990846682,
            0.4818945760122231,
            0.4952638700947226,
            0.48777524677296885,
            0.4933393204610088,
            0.5082212257100149,
            0.5033547040405546,
            0.5048027190778779,
            0.5207013407985855,
            0.5227606461086637,
            0.5360406091370559,
            0.5253644314868805,
            0.5344702991761815,
            0.5343292157426027,
            0.548644793152639,
            0.5546289752650176,
            0.5416844198267292,
            0.556229716382108,
            0.5572945779765232,
            0.5622736138200056,
            0.5671267252195734,
            0.5694214876033058,
            0.574213922833997,
            0.5907356948228882,
            0.5825322713540236,
            0.5920910075839654,
            0.580715059588299,
            0.5898717083051992,
            0.5968219768381363,
            0.6013351134846462,
            0.6149761019649496,
            0.6127794681836222,
            0.6098524762908325
        ]
    },
    "val": {
        "loss": [
            0.7149902762226473,
            0.719212467968991,
            0.7166374146959408,
            0.7091074041524117,
            0.7127615405048293,
            0.7124929703669283,
            0.7147314612798822,
            0.7097309544856446,
            0.7121022959711866,
            0.7088600855688345,
            0.7095072557658832,
            0.7108178043432948,
            0.7071298444739154,
            0.7050924004705542,
            0.706291119897159,
            0.7056571665609689,
            0.7038287329597864,
            0.7022205948998324,
            0.7030715397359796,
            0.7009198286527453,
            0.7022664837715775,
            0.7006784592747561,
            0.7025220712293025,
            0.6982100445093263,
            0.6973693133623389,
            0.698038214480957,
            0.6988019515019994,
            0.6962800054614267,
            0.6954225191894587,
            0.6956792107141182,
            0.694479150847154,
            0.6926154400461505,
            0.6938403332490655,
            0.6925458106886678,
            0.6932664824367033,
            0.6930089809256136,
            0.6916509703312993,
            0.6907588572185032,
            0.6898684468545971,
            0.6879809484660604,
            0.6885093151574257,
            0.6897620040703292,
            0.6876424415439609,
            0.6865655882728787,
            0.6843479807865168,
            0.6860003375652868,
            0.6854666029559373,
            0.6847984303127636,
            0.6864682860411558,
            0.6830838093877387
        ],