{
    "train": {
        "loss": [
            0.712339616761063,
            0.6747453328334924,
            0.6645328377954888,
            0.655029508489551,
            0.6506345211375844,
            0.6399546191909097,
            0.6270119031992826,
            0.6129560603517474,
            0.5943002656734351,
            0.5805431520577633,
            0.5413436645088774,
            0.523133990800742,
            0.5149761943383651,
            0.4970172084461559,
            0.49311484680031287,
            0.4809781689354868,
            0.4659029642379645,
            0.45976486711791065,
            0.4537715973276081,
            0.4417238726941022,
            0.4190481255271218,
            0.4129706542780905,
            0.401356884060484,
            0.3950079252864375,
            0.389006967978044,
            0.3895197732701446,
            0.3785774842898051,
            0.37202527261141577,
            0.37284635601621685,
            0.36567838462916286,
            0.3569053972851146,
            0.34752932891701205,
            0.3456222278421575,
            0.35264609510248357,
            0.34170715779969185,
            0.3423528099601919,
            0.3383416474226749,
            0.33352136965953944,
            0.3365826120521083,
            0.3295661290486654,
            0.33029259248213333,
            0.3217580555785786,
            0.32047489307143473,
            0.32140210765780824,
            0.3237636535456686,
            0.3118595091321252,
            0.31976403019645,
            0.3155944793874567,
            0.31280620513540325,
            0.30898963628393233
        ],
        "acc": [
            0.5206060606060606,
            0.5945454545454546,
            0.6175757575757576,
            0.6242424242424243,
            0.6274242424242424,
            0.6425757575757576,
            0.6622727272727272,
            0.6677272727272727,
            0.6942424242424242,
            0.7056060606060606,
            0.733030303030303,
            0.7463636363636363,
            0.7583333333333333,
            0.7645454545454545,
            0.7689393939393939,
            0.7771212121212121,
            0.7845454545454545,
            0.7921212121212121,
            0.7990909090909091,
            0.7987878787878788,
            0.8140909090909091,
            0.8212121212121212,
            0.8246969696969697,
            0.8286363636363636,
            0.8307575757575758,
            0.8312121212121212,
            0.8359090909090909,
            0.8356060606060606,
            0.8390909090909091,
            0.8427272727272728,
            0.850909090909091,
            0.8568181818181818,
            0.8548484848484849,
            0.8468181818181818,
            0.8539393939393939,
            0.8584848484848485,
            0.8553030303030303,
            0.8631818181818182,
            0.858030303030303,
            0.8577272727272728,
            0.8574242424242424,
            0.8648484848484849,
            0.8648484848484849,
            0.8637878787878788,
            0.8616666666666667,
            0.87,
            0.8648484848484849,
            0.8687878787878788,
            0.8693939393939394,
            0.873030303030303
        ],
        "f1": [
            0.5902615902615903,
            0.710952689565781,
            0.7432872253864931,
            0.7519007603041217,
            0.755833581570847,
            0.763128828195602,
            0.7735446510210302,
            0.7714434601354873,
            0.7877130233536713,
            0.7909628832705756,
            0.8078516902944384,
            0.8150276243093922,
            0.8231511254019293,
            0.8265625,
            0.8297040759352318,
            0.8352928003583026,
            0.8404398563734291,
            0.8461193360251233,
            0.8508100810081008,
            0.8501466937485895,
            0.8620263128303159,
            0.8672068422237227,
            0.8692212049282243,
            0.8729356252106505,
            0.8739135342589457,
            0.8744081172491545,
            0.8770854613551243,
            0.8769701780247193,
            0.8794004088121735,
            0.8824195740824649,
            0.8881818181818182,
            0.8925770148914403,
            0.8912352406902816,
            0.8849436667804712,
            0.8906781583125425,
            0.8937428896473265,
            0.8917110783535548,
            0.897047086991221,
            0.893340922026181,
            0.8930402095910696,
            0.8930073905628197,
            0.8981735159817351,
            0.8978703915731624,
            0.8977363212376294,
            0.8959781246439558,
            0.9020100502512562,
            0.8982432124115902,
            0.9012092174309834,
            0.9016430853491556,
            0.9043815609310817
        ]
    },
    "val": {
        "loss": [
            0.6799142144517707,
            0.6618089848881098,
            0.6519665072519647,
            0.6554097698618895,
            0.6658925003026138,
            0.6505271724779811,
            0.6497989961645046,
            0.6413065792499562,
            0.6312908992597938,
            0.6331075426650663,
            0.6386015704892557,
            0.6356588098934574,
            0.6573206049345036,
            0.6436782887290416,
            0.6467799364509158,
            0.6244604128668695,
            0.637208988195428,
            0.632266002815492,
            0.6385361686027611,
            0.679145124195405,
            0.6810275899854048,
            0.6577781056000934,
            0.6735647453272372,
            0.6940059944191936,
            0.6902269068414055,
            0.6670566821907383,
            0.6514125024105138,
            0.6926749058096768,
            0.6876061536179452,
            0.6806190598238564,
            0.6821651370460468,
            0.6726110221198525,
            0.6820670459834288,
            0.7112989791525088,
            0.6797907882547497,
            0.6908188816535258,
            0.6928906037471201,
            0.7201969050484607,
            0.7058142618098079,
            0.8922651436228599,
            0.7022794836315008,
            0.6915122011644168,
            0.7089862186038988,
            0.7002307824677231,
            0.6970415447195666,
            0.7147664932152878,
            0.7215068397398928,
            0.7118477748450814,
            0.7579544579110494,
            0.7073013378394792
        ],